<?xml version="1.0" encoding="utf-8"?>
<XnaContent xmlns:Graphics="Microsoft.Xna.Framework.Content.Pipeline.Graphics">
  <Asset Type="Graphics:FontDescription">
    <FontName>Courier New</FontName>
    <Size>16</Size>
    <Spacing>0</Spacing>
    <UseKerning>True</UseKerning>
    <Style>Regular</Style>
    <!-- <DefaultCharacter>*</DefaultCharacter> -->
    <CharacterRegions>
      <CharacterRegion>
        <Start>&#32;</Start>
        <End>&#126;</End>
      </CharacterRegion>
    </CharacterRegions>
  </Asset>
</XnaContent>
